Year,Month,Day,HighTemp,LowTemp
2021,1,1,1.38741,-9.20258
2021,1,2,2.57924,-8.66741
2021,1,3,2.00736,-10.2651
2021,1,4,1.17885,-9.20631
2021,1,5,0.696839,-9.2121
2021,1,6,1.44528,-9.41542
2021,1,7,2.22167,-7.28193
2021,1,8,0.631365,-9.15333
2021,1,9,2.22281,-10.9782
2021,1,10,-1.15638,-9.66335
2021,1,11,2.44715,-7.97861
2021,1,12,-0.00176293,-7.37764
2021,1,13,-1.08024,-9.60024
2021,1,14,-1.24338,-7.60366
2021,1,15,0.518456,-7.0445
2021,1,16,0.900422,-8.28709
2021,1,17,-1.31502,-9.9888
2021,1,18,-1.10067,-10.0081
2021,1,19,1.1389,-8.02139
2021,1,20,0.958671,-7.37635
2021,1,21,1.92008,-10.1228
2021,1,22,1.04594,-7.54805
2021,1,23,0.171753,-9.01917
2021,1,24,-0.955648,-7.13227
2021,1,25,-1.14108,-7.54488
2021,1,26,0.523945,-9.98654
2021,1,27,0.906024,-10.6503
2021,1,28,-1.48483,-10.4618
2021,1,29,0.733314,-7.18531
2021,1,30,0.960014,-9.41591
2021,1,31,1.17826,-8.92303
2021,2,1,3.4972,-4.11823
2021,2,2,3.70541,-4.61751
2021,2,3,4.6347,-4.41023
2021,2,4,2.24208,-5.33488
2021,2,5,4.12467,-5.70867
2021,2,6,1.91072,-5.9834
2021,2,7,1.9437,-6.23035
2021,2,8,6.60867,-5.966
2021,2,9,5.06435,-6.60231
2021,2,10,3.10863,-5.81652
2021,2,11,4.30985,-5.21409
2021,2,12,4.33106,-6.56124
2021,2,13,3.73605,-6.49879
2021,2,14,3.84036,-4.05322
2021,2,15,0.895366,-7.47197
2021,2,16,2.75932,-5.89135
2021,2,17,6.05789,-4.0354
2021,2,18,1.44138,-7.78198
2021,2,19,1.19581,-6.26508
2021,2,20,3.02013,-6.43995
2021,2,21,5.4016,-6.1634
2021,2,22,4.53192,-6.48109
2021,2,23,2.74201,-6.07959
2021,2,24,5.43571,-4.97348
2021,2,25,3.06905,-5.26615
2021,2,26,6.03678,-6.51234
2021,2,27,2.10733,-7.53795
2021,2,28,2.99688,-6.46767
2021,3,1,10.4263,1.69243
2021,3,2,9.47928,-1.54833
2021,3,3,8.96038,1.75976
2021,3,4,11.9957,-1.26652
2021,3,5,9.22273,1.41551
2021,3,6,10.6735,1.08255
2021,3,7,11.2911,-1.35496
2021,3,8,11.621,0.184027
2021,3,9,10.4839,-0.18067
2021,3,10,8.86616,-0.377209
2021,3,11,10.9825,-1.04727
2021,3,12,7.68263,-1.05496
2021,3,13,9.95562,1.06394
2021,3,14,11.1213,-1.94092
2021,3,15,9.5166,-1.88873
2021,3,16,11.7565,1.49687
2021,3,17,12.0597,1.22214
2021,3,18,11.7303,0.24134
2021,3,19,9.13937,-1.58147
2021,3,20,9.49574,0.480117
2021,3,21,11.145,0.154546
2021,3,22,10.3173,-1.85907
2021,3,23,13.4944,1.36528
2021,3,24,8.88096,0.880581
2021,3,25,12.6334,-1.36564
2021,3,26,12.2552,1.52812
2021,3,27,11.8233,0.71511
2021,3,28,10.7112,0.171209
2021,3,29,8.35843,-1.05924
2021,3,30,9.24847,0.434767
2021,3,31,10.1124,-1.8272
2021,4,1,19.4455,6.71572
2021,4,2,21.0683,9.84356
2021,4,3,17.1384,6.86129
2021,4,4,20.6207,7.67119
2021,4,5,18.4002,6.75021
2021,4,6,18.9595,9.95221
2021,4,7,17.7135,7.34178
2021,4,8,19.534,7.65929
2021,4,9,20,6.35932
2021,4,10,17.7829,6.06653
2021,4,11,20.1485,6.3918
2021,4,12,17.0004,6.9266
2021,4,13,18.3497,7.95752
2021,4,14,17.1953,7.51769
2021,4,15,19.7397,8.27595
2021,4,16,20.2547,6.47462
2021,4,17,18.2496,6.92807
2021,4,18,18.0071,7.5302
2021,4,19,18.4724,7.04209
2021,4,20,21.5919,7.50121
2021,4,21,18.6796,7.64464
2021,4,22,17.5764,6.68355
2021,4,23,16.053,6.18964
2021,4,24,16.1023,6.01691
2021,4,25,19.3237,8.01147
2021,4,26,19.6331,8.77615
2021,4,27,16.666,7.9989
2021,4,28,18.2387,8.31098
2021,4,29,21.5978,7.11051
2021,4,30,20.1974,7.21287
2021,5,1,26.6581,15.5911
2021,5,2,24.4783,12.9064
2021,5,3,26.6476,12.2551
2021,5,4,25.4631,15.2981
2021,5,5,24.5108,15.8178
2021,5,6,27.8282,13.2527
2021,5,7,26.1921,13.2566
2021,5,8,23.8773,13.9055
2021,5,9,23.3743,13.2706
2021,5,10,24.7934,12.6026
2021,5,11,24.0522,12.1999
2021,5,12,24.9615,12.5332
2021,5,13,26.06,12.8512
2021,5,14,23.0473,14.5188
2021,5,15,23.9241,12.1216
2021,5,16,22.7364,14.4501
2021,5,17,21.6818,12.0259
2021,5,18,22.9695,13.7235
2021,5,19,25.5042,12.2202
2021,5,20,25.7642,14.7624
2021,5,21,21.0357,12.3878
2021,5,22,26.6244,13.5986
2021,5,23,23.8312,14.5496
2021,5,24,26.3174,12.4277
2021,5,25,21.4704,12.8047
2021,5,26,23.9762,12.0121
2021,5,27,22.0345,14.6104
2021,5,28,25.3823,12.8727
2021,5,29,24.6248,12.306
2021,5,30,26.278,12.9683
2021,5,31,25.781,14.0778
2021,6,1,30.0644,18.7896
2021,6,2,30.2923,18.323
2021,6,3,30.7467,17.7189
2021,6,4,29.246,20.7704
2021,6,5,29.6783,20.6516
2021,6,6,28.7519,17.3886
2021,6,7,29.4142,19.8201
2021,6,8,29.9538,20.3556
2021,6,9,28.5853,20.5248
2021,6,10,28.9441,17.706
2021,6,11,28.9305,20.4418
2021,6,12,26.1292,17.8545
2021,6,13,28.313,18.97
2021,6,14,26.8522,18.751
2021,6,15,28.2701,19.8858
2021,6,16,30.8994,18.597
2021,6,17,28.233,17.1037
2021,6,18,28.6895,17.9013
2021,6,19,28.4471,19.9339
2021,6,20,28.9759,19.5532
2021,6,21,31.0465,19.7706
2021,6,22,30.1401,17.9995
2021,6,23,30.32,20.5807
2021,6,24,29.7402,17.8708
2021,6,25,27.951,17.2499
2021,6,26,31.1843,20.7689
2021,6,27,29.7686,17.7168
2021,6,28,30.0093,17.5386
2021,6,29,29.4732,18.0785
2021,6,30,29.6448,19.8573
2021,7,1,32.2164,21.2283
2021,7,2,29.9408,22.8829
2021,7,3,28.7913,23.2567
2021,7,4,29.6176,22.1003
2021,7,5,30.4714,22.9795
2021,7,6,30.3043,20.9251
2021,7,7,30.6018,23.6114
2021,7,8,31.608,22.9118
2021,7,9,29.6458,23.0901
2021,7,10,28.9567,21.1643
2021,7,11,29.9981,20.7739
2021,7,12,31.0427,21.4028
2021,7,13,30.8218,22.6679
2021,7,14,30.469,22.2381
2021,7,15,30.1728,21.733
2021,7,16,29.1918,20.9798
2021,7,17,31.0668,20.2361
2021,7,18,31.6977,21.5437
2021,7,19,31.0512,23.764
2021,7,20,29.9428,22.8119
2021,7,21,28.3586,22.7995
2021,7,22,29.846,23.8306
2021,7,23,31.0626,23.9487
2021,7,24,29.1966,20.1094
2021,7,25,29.5643,23.0247
2021,7,26,30.9279,23.7062
2021,7,27,29.1482,23.1701
2021,7,28,31.1865,21.8063
2021,7,29,30.9634,23.0942
2021,7,30,28.5837,21.3484
2021,7,31,28.6124,23.8326
2021,8,1,30.846,21.0742
2021,8,2,30.8123,19.2499
2021,8,3,30.4886,21.773
2021,8,4,30.0118,20.4324
2021,8,5,29.3457,20.1126
2021,8,6,30.0645,19.5769
2021,8,7,28.0591,22.5707
2021,8,8,30.3964,20.6339
2021,8,9,29.0126,21.92
2021,8,10,29.5139,22.158
2021,8,11,28.5701,19.9125
2021,8,12,29.9896,21.2882
2021,8,13,28.9707,22.6912
2021,8,14,28.4229,21.5591
2021,8,15,31.0267,22.1148
2021,8,16,27.9955,21.5643
2021,8,17,30.1574,19.8657
2021,8,18,29.6929,22.534
2021,8,19,30.7546,21.9423
2021,8,20,28.3164,20.4814
2021,8,21,28.2374,22.7414
2021,8,22,29.0881,21.8745
2021,8,23,30.138,22.9891
2021,8,24,26.9796,20.6044
2021,8,25,28.4409,19.9528
2021,8,26,26.7073,20.0444
2021,8,27,30.1591,20.0748
2021,8,28,27.9891,19.1354
2021,8,29,27.9633,19.8633
2021,8,30,31.0376,20.9861
2021,8,31,30.2987,19.6538
2021,9,1,25.5025,14.4966
2021,9,2,24.3598,14.9655
2021,9,3,22.1941,14.6055
2021,9,4,24.4589,14.9
2021,9,5,22.4452,14.9041
2021,9,6,24.7015,14.7712
2021,9,7,25.7555,13.522
2021,9,8,24.7934,14.3814
2021,9,9,21.645,13.657
2021,9,10,23.5146,16.2984
2021,9,11,23.6147,13.4602
2021,9,12,25.9977,14.1512
2021,9,13,25.4853,15.6351
2021,9,14,26.6021,16.2353
2021,9,15,25.2492,15.5365
2021,9,16,26.3996,15.5743
2021,9,17,24.9777,16.5283
2021,9,18,23.988,15.0083
2021,9,19,22.8894,15.3634
2021,9,20,23.7434,14.5599
2021,9,21,25.1581,15.3154
2021,9,22,24.6398,14.892
2021,9,23,26.4384,16.328
2021,9,24,24.5721,13.616
2021,9,25,27.0485,16.4615
2021,9,26,25.1618,16.8464
2021,9,27,25.5049,16.5584
2021,9,28,23.7465,13.86
2021,9,29,24.6576,13.6582
2021,9,30,24.7663,13.1154
2021,10,1,17.802,6.26301
2021,10,2,18.2612,7.96985
2021,10,3,18.513,9.55058
2021,10,4,18.0808,8.46138
2021,10,5,15.2577,7.10538
2021,10,6,17.7544,8.35005
2021,10,7,15.532,8.6061
2021,10,8,19.2614,7.50066
2021,10,9,18.6693,9.48692
2021,10,10,16.9176,9.99164
2021,10,11,18.3814,7.5573
2021,10,12,18.1982,6.45387
2021,10,13,17.443,7.53362
2021,10,14,16.5312,9.3267
2021,10,15,17.0432,9.50255
2021,10,16,16.1657,9.43803
2021,10,17,16.1575,7.30375
2021,10,18,16.1817,9.47826
2021,10,19,19.5307,6.29334
2021,10,20,19.7021,9.14493
2021,10,21,17.8983,9.65361
2021,10,22,18.7017,9.21763
2021,10,23,16.8363,8.08271
2021,10,24,20.18,9.58818
2021,10,25,15.207,6.36286
2021,10,26,19.442,9.38395
2021,10,27,16.8615,9.30979
2021,10,28,20.0313,9.70415
2021,10,29,16.2249,6.27619
2021,10,30,19.0583,7.58513
2021,10,31,18.1413,6.64119
2021,11,1,8.50536,1.00125
2021,11,2,8.21003,-1.64989
2021,11,3,7.58032,-0.328501
2021,11,4,9.35272,-1.34227
2021,11,5,9.09712,-1.62413
2021,11,6,10.0183,-0.474441
2021,11,7,7.32551,0.66921
2021,11,8,10.5072,0.0301523
2021,11,9,8.42939,-1.72839
2021,11,10,9.20603,-1.01199
2021,11,11,8.85196,-1.91546
2021,11,12,8.13258,1.90033
2021,11,13,8.96831,0.0837428
2021,11,14,10.0402,-1.02115
2021,11,15,8.00559,1.22904
2021,11,16,10.491,1.08646
2021,11,17,7.86481,0.276803
2021,11,18,10.4857,-1.42912
2021,11,19,9.40806,0.819178
2021,11,20,7.77751,0.981842
2021,11,21,8.31933,0.515213
2021,11,22,7.63392,0.0435804
2021,11,23,6.99827,0.706076
2021,11,24,8.68385,-0.163274
2021,11,25,9.14396,1.75079
2021,11,26,11.2289,0.145878
2021,11,27,9.25619,-0.793054
2021,11,28,7.14875,0.982391
2021,11,29,5.55633,-1.84118
2021,11,30,10.3492,-1.71398
2021,12,1,-1.36104,-6.81509
2021,12,2,1.36467,-5.43919
2021,12,3,0.78008,-5.42265
2021,12,4,2.28031,-4.06311
2021,12,5,1.64441,-5.11002
2021,12,6,2.96188,-6.4908
2021,12,7,2.09505,-7.29936
2021,12,8,2.02767,-4.16974
2021,12,9,3.43007,-5.97772
2021,12,10,0.812105,-5.70025
2021,12,11,0.141366,-7.28062
2021,12,12,-0.174429,-5.69048
2021,12,13,1.71853,-7.96136
2021,12,14,2.58976,-5.78021
2021,12,15,-0.13324,-4.94559
2021,12,16,3.03946,-5.45518
2021,12,17,0.485025,-6.67885
2021,12,18,3.40158,-6.42195
2021,12,19,1.19476,-5.95392
2021,12,20,0.616133,-6.28291
2021,12,21,2.9579,-4.05719
2021,12,22,3.92666,-7.72979
2021,12,23,1.61282,-7.91278
2021,12,24,2.12703,-6.06482
2021,12,25,3.15836,-4.73318
2021,12,26,0.0478459,-4.27418
2021,12,27,3.1107,-7.16361
2021,12,28,2.04841,-7.37602
2021,12,29,3.68335,-4.40016
2021,12,30,-0.0756976,-5.96545
2021,12,31,1.28277,-4.42036
2022,1,1,-2.44844,-7.91147
2022,1,2,0.879208,-9.06238
2022,1,3,-0.416852,-10.5231
2022,1,4,-0.956648,-10.2612
2022,1,5,2.01317,-8.48906
2022,1,6,1.44302,-7.83004
2022,1,7,1.57307,-10.1826
2022,1,8,0.291562,-9.52608
2022,1,9,0.545765,-8.97186
2022,1,10,1.23614,-10.2561
2022,1,11,1.47832,-7.97623
2022,1,12,-0.0454242,-7.58791
2022,1,13,0.507861,-7.0163
2022,1,14,2.74649,-10.3742
2022,1,15,-0.144706,-9.32466
2022,1,16,-0.770335,-8.21513
2022,1,17,0.832236,-10.9238
2022,1,18,-0.174984,-7.37031
2022,1,19,-1.45657,-7.91806
2022,1,20,-1.16281,-7.73769
2022,1,21,0.460153,-10.832
2022,1,22,0.807647,-7.95602
2022,1,23,1.53317,-8.48064
2022,1,24,-1.62244,-10.3305
2022,1,25,0.902891,-7.16456
2022,1,26,-0.29499,-9.15522
2022,1,27,-0.766231,-10.105
2022,1,28,-0.716516,-8.43291
2022,1,29,-1.88112,-9.94333
2022,1,30,2.22017,-10.7719
2022,1,31,-1.05717,-10.7537
2022,2,1,3.49153,-6.4781
2022,2,2,1.92757,-6.01636
2022,2,3,4.35412,-7.77612
2022,2,4,2.75614,-7.34922
2022,2,5,0.780776,-7.93292
2022,2,6,2.27905,-7.21934
2022,2,7,4.4027,-6.49831
2022,2,8,4.09872,-6.54225
2022,2,9,4.83623,-4.13556
2022,2,10,3.80505,-5.17325
2022,2,11,3.23725,-4.70016
2022,2,12,4.43672,-5.25834
2022,2,13,3.46637,-6.16016
2022,2,14,2.63352,-7.24406
2022,2,15,1.24705,-7.72173
2022,2,16,2.18599,-7.92871
2022,2,17,3.47359,-4.68612
2022,2,18,4.51792,-5.33006
2022,2,19,5.44551,-6.18445
2022,2,20,6.87684,-7.65276
2022,2,21,5.53195,-5.65014
2022,2,22,6.49945,-6.70736
2022,2,23,5.36014,-5.64983
2022,2,24,2.99355,-7.44316
2022,2,25,2.26788,-7.13376
2022,2,26,4.04417,-5.05454
2022,2,27,2.19977,-7.01621
2022,2,28,5.15481,-4.74075
2022,3,1,11.6556,-1.14451
2022,3,2,12.6657,-1.33384
2022,3,3,9.06327,-0.37434
2022,3,4,11.4395,1.64537
2022,3,5,12.012,1.72076
2022,3,6,11.6275,0.807398
2022,3,7,9.26544,-0.67629
2022,3,8,11.7467,-1.76171
2022,3,9,10.1898,-1.42454
2022,3,10,9.18937,-1.77953
2022,3,11,11.9582,1.48906
2022,3,12,11.3948,-1.82238
2022,3,13,9.59744,0.439955
2022,3,14,10.3917,1.79595
2022,3,15,7.84549,1.52599
2022,3,16,12.1172,-0.858608
2022,3,17,8.92286,-1.5399
2022,3,18,11.9107,-0.49794
2022,3,19,10.4361,-1.63494
2022,3,20,10.2061,1.3947
2022,3,21,12.2003,0.603961
2022,3,22,10.259,1.408
2022,3,23,11.2852,-0.33314
2022,3,24,9.9284,-1.82971
2022,3,25,9.7368,0.378918
2022,3,26,9.8299,1.24888
2022,3,27,10.8964,0.673238
2022,3,28,12.1433,-1.14103
2022,3,29,11.4925,1.55333
2022,3,30,11.1564,0.16657
2022,3,31,11.77,0.478286
2022,4,1,14.9371,8.16803
2022,4,2,16.2365,9.02799
2022,4,3,17.3914,6.00055
2022,4,4,15.6779,8.72475
2022,4,5,16.2593,6.75246
2022,4,6,18.2107,8.11261
2022,4,7,17.7682,8.29859
2022,4,8,18.2903,6.35078
2022,4,9,19.0834,8.64144
2022,4,10,21.2636,7.06882
2022,4,11,20.2435,8.36628
2022,4,12,17.1834,8.13276
2022,4,13,18.7549,9.8432
2022,4,14,18.2678,7.65728
2022,4,15,17.4583,9.65752
2022,4,16,18.909,8.0412
2022,4,17,18.5484,9.98431
2022,4,18,17.2184,8.51863
2022,4,19,20.7975,9.2996
2022,4,20,20.6635,7.2711
2022,4,21,17.6017,9.25797
2022,4,22,17.4318,8.92099
2022,4,23,16.5106,7.8449
2022,4,24,17.2797,7.6242
2022,4,25,18.5785,9.72484
2022,4,26,16.3349,6.53658
2022,4,27,21.2765,8.97885
2022,4,28,21.5941,7.32408
2022,4,29,16.8738,8.19983
2022,4,30,20.6911,6.10034
2022,5,1,23.0271,15.8671
2022,5,2,25.5596,14.1895
2022,5,3,23.1959,12.2324
2022,5,4,22.371,12.1308
2022,5,5,23.7856,14.2135
2022,5,6,23.9129,14.3179
2022,5,7,24.1013,14.2672
2022,5,8,20.1206,12.0097
2022,5,9,26.8014,12.671
2022,5,10,24.6832,15.9453
2022,5,11,27.8169,15.8318
2022,5,12,24.4658,13.197
2022,5,13,23.0721,14.6399
2022,5,14,25.1668,14.7893
2022,5,15,24.763,14.787
2022,5,16,25.2428,14.523
2022,5,17,25.7787,12.9827
2022,5,18,23.8892,14.1475
2022,5,19,23.4735,14.0029
2022,5,20,22.2797,13.6493
2022,5,21,26.0604,13.7232
2022,5,22,23.4781,12.1291
2022,5,23,24.0429,13.096
2022,5,24,25.6574,13.6171
2022,5,25,23.2556,12.8206
2022,5,26,24.4688,12.6467
2022,5,27,23.2392,14.081
2022,5,28,25.5825,15.5022
2022,5,29,25.9399,12.264
2022,5,30,24.7732,13.1785
2022,5,31,25.7636,15.7072
2022,6,1,29.9963,19.6594
2022,6,2,28.1026,17.0506
2022,6,3,26.9001,20.2411
2022,6,4,26.9566,19.8816
2022,6,5,27.9492,17.831
2022,6,6,29.3016,19.3823
2022,6,7,29.3486,20.4571
2022,6,8,27.7917,20.5739
2022,6,9,30.8728,19.5396
2022,6,10,29.3511,19.2191
2022,6,11,29.0215,17.5271
2022,6,12,30.4645,20.9127
2022,6,13,26.0027,17.1789
2022,6,14,27.7584,20.8861
2022,6,15,28.555,19.1906
2022,6,16,28.9371,17.7943
2022,6,17,31.0711,18.967
2022,6,18,28.3522,18.5524
2022,6,19,28.2565,18.3742
2022,6,20,28.3452,20.0832
2022,6,21,29.5593,19.6865
2022,6,22,28.3081,18.7518
2022,6,23,27.5232,18.3085
2022,6,24,28.1855,18.0746
2022,6,25,29.291,20.7662
2022,6,26,28.274,18.0865
2022,6,27,28.8095,17.8684
2022,6,28,29.8415,19.6209
2022,6,29,28.832,19.3614
2022,6,30,28.6125,17.4923
2022,7,1,29.0901,21.3645
2022,7,2,30.8449,21.0266
2022,7,3,29.1504,21.1386
2022,7,4,30.6459,20.9391
2022,7,5,28.1541,20.0093
2022,7,6,27.7056,22.2277
2022,7,7,33.2631,20.0134
2022,7,8,28.8886,23.5575
2022,7,9,29.6644,23.8522
2022,7,10,32.5956,23.4555
2022,7,11,31.8709,23.2591
2022,7,12,31.031,22.8001
2022,7,13,30.4016,20.5271
2022,7,14,31.6305,22.0825
2022,7,15,29.9182,21.5669
2022,7,16,28.6458,22.8778
2022,7,17,29.8157,22.6924
2022,7,18,30.1427,21.7489
2022,7,19,31.0694,21.8672
2022,7,20,30.8993,22.5444
2022,7,21,29.069,22.6106
2022,7,22,27.2484,23.0616
2022,7,23,30.7373,20.4465
2022,7,24,32.2387,22.1252
2022,7,25,31.538,23.5098
2022,7,26,28.3527,23.4328
2022,7,27,31.8881,22.924
2022,7,28,32.2996,22.562
2022,7,29,29.2895,21.9277
2022,7,30,30.5508,23.2777
2022,7,31,29.9037,21.2537
2022,8,1,28.0303,21.452
2022,8,2,29.4229,21.4988
2022,8,3,28.9613,19.9624
2022,8,4,29.4454,21.7393
2022,8,5,30.2974,20.8182
2022,8,6,26.9361,19.7713
2022,8,7,28.6557,19.8028
2022,8,8,29.2029,21.9832
2022,8,9,28.9192,20.8454
2022,8,10,30.0873,22.5106
2022,8,11,28.2589,22.3341
2022,8,12,27.7027,22.7131
2022,8,13,31.0765,22.7995
2022,8,14,29.5555,20.7116
2022,8,15,28.9284,20.9187
2022,8,16,30.3359,19.6502
2022,8,17,28.0593,21.8973
2022,8,18,28.2064,19.3361
2022,8,19,29.8837,20.4068
2022,8,20,30.4393,21.4403
2022,8,21,31.3995,21.7714
2022,8,22,28.5134,22.9709
2022,8,23,30.4657,21.0474
2022,8,24,28.7579,22.9139
2022,8,25,31.1182,21.9962
2022,8,26,29.2893,22.769
2022,8,27,30.2146,21.2822
2022,8,28,29.8968,19.8144
2022,8,29,28.7736,22.8747
2022,8,30,30.0652,19.0629
2022,8,31,30.6152,19.1814
2022,9,1,25.8604,13.6977
2022,9,2,23.5677,15.1946
2022,9,3,24.5791,13.845
2022,9,4,22.6984,14.6212
2022,9,5,21.8798,14.018
2022,9,6,25.354,14.168
2022,9,7,25.961,16.1428
2022,9,8,24.8267,15.0932
2022,9,9,23.2476,15.4996
2022,9,10,25.3907,13.1595
2022,9,11,27.1617,14.2
2022,9,12,25.2966,14.2121
2022,9,13,22.7894,16.6823
2022,9,14,24.0295,16.8293
2022,9,15,22.289,15.9945
2022,9,16,24.4746,16.8112
2022,9,17,25.7295,14.4913
2022,9,18,24.8471,14.9051
2022,9,19,26.1401,16.3946
2022,9,20,27.3213,13.3359
2022,9,21,25.1829,14.3047
2022,9,22,25.1715,14.7923
2022,9,23,24.7793,14.8292
2022,9,24,26.4542,14.7497
2022,9,25,24.1185,15.0218
2022,9,26,23.3419,13.6168
2022,9,27,27.2451,15.7034
2022,9,28,23.1489,16.3188
2022,9,29,23.7415,16.2011
2022,9,30,20.0338,14.6957
2022,10,1,18.6437,9.76134
2022,10,2,17.7952,7.95294
2022,10,3,18.2681,6.41792
2022,10,4,20.0035,6.20801
2022,10,5,20.4869,9.36937
2022,10,6,18.9681,6.02643
2022,10,7,16.6502,6.36103
2022,10,8,14.9806,9.59227
2022,10,9,18.6896,8.60811
2022,10,10,17.5969,9.64055
2022,10,11,17.1045,6.74178
2022,10,12,15.0811,6.05121
2022,10,13,17.9251,7.70721
2022,10,14,17.9576,9.96564
2022,10,15,14.7442,6.44942
2022,10,16,19.3904,8.80282
2022,10,17,18.6706,8.17316
2022,10,18,16.2238,8.11573
2022,10,19,18.3402,8.15577
2022,10,20,18.2611,6.38734
2022,10,21,19.104,9.27293
2022,10,22,20.2296,8.66652
2022,10,23,21.1432,7.9295
2022,10,24,17.5417,7.46049
2022,10,25,17.4471,9.62743
2022,10,26,14.0884,9.13291
2022,10,27,17.9529,8.94028
2022,10,28,20.0722,8.08771
2022,10,29,17.5569,8.38905
2022,10,30,18.9206,7.93909
2022,10,31,19.1425,7.65117
2022,11,1,8.40275,0.159612
2022,11,2,10.1748,1.55718
2022,11,3,7.62485,-1.31382
2022,11,4,9.23757,1.08383
2022,11,5,8.73701,1.96692
2022,11,6,8.79402,-1.57018
2022,11,7,9.11999,0.932707
2022,11,8,8.40796,-0.445753
2022,11,9,7.6674,1.63451
2022,11,10,8.46147,1.5222
2022,11,11,10.5266,-0.515763
2022,11,12,10.3541,0.046144
2022,11,13,7.45801,-0.926176
2022,11,14,10.0213,0.221198
2022,11,15,8.87702,-1.76147
2022,11,16,6.75476,-1.05222
2022,11,17,7.76108,-1.57152
2022,11,18,9.22206,-0.934538
2022,11,19,8.26425,0.834437
2022,11,20,9.39705,0.313791
2022,11,21,8.91587,-0.780053
2022,11,22,7.5323,0.352062
2022,11,23,8.52842,0.851344
2022,11,24,8.56614,1.82415
2022,11,25,7.96886,-0.411878
2022,11,26,10.9697,1.90521
2022,11,27,6.06545,-0.711386
2022,11,28,9.9962,-0.72042
2022,11,29,8.75358,-1.57762
2022,11,30,8.54596,0.668966
2022,12,1,2.33433,-4.25971
2022,12,2,3.952,-5.61797
2022,12,3,-0.58328,-4.25495
2022,12,4,2.91062,-5.13102
2022,12,5,0.640453,-5.94714
2022,12,6,3.04361,-4.21369
2022,12,7,0.699088,-7.09104
2022,12,8,0.70815,-4.27479
2022,12,9,2.90413,-7.6878
2022,12,10,2.33832,-5.17179
2022,12,11,1.99635,-6.52516
2022,12,12,0.762592,-6.31629
2022,12,13,3.25032,-7.62835
2022,12,14,0.671137,-6.95627
2022,12,15,2.12392,-5.19871
2022,12,16,3.7067,-5.83758
2022,12,17,-2.19561,-6.83816
2022,12,18,2.38573,-6.07929
2022,12,19,2.73395,-6.97055
2022,12,20,2.42307,-5.70116
2022,12,21,0.141719,-6.193
2022,12,22,0.628996,-4.12787
2022,12,23,0.316019,-7.40184
2022,12,24,2.00539,-4.08679
2022,12,25,4.28533,-6.46486
2022,12,26,3.39676,-4.77041
2022,12,27,0.137792,-6.19208
2022,12,28,2.70648,-7.11057
2022,12,29,-0.744235,-7.15336
2022,12,30,1.0422,-7.16953
2022,12,31,2.82302,-6.01257
2023,1,1,-0.176513,-9.78268
2023,1,2,0.119089,-10.0068
2023,1,3,1.81037,-9.15101
2023,1,4,0.734594,-8.78588
2023,1,5,0.747052,-10.3341
2023,1,6,-0.209679,-10.4416
2023,1,7,0.115907,-9.74288
2023,1,8,1.14273,-8.84307
2023,1,9,0.0689613,-9.57619
2023,1,10,-0.592475,-9.92856
2023,1,11,-2.08607,-10.9254
2023,1,12,2.09713,-8.27348
2023,1,13,2.37825,-10.415
2023,1,14,-0.365728,-8.38023
2023,1,15,2.11755,-9.06574
2023,1,16,1.50776,-9.30952
2023,1,17,1.44479,-9.25928
2023,1,18,-1.10075,-9.42427
2023,1,19,-0.121614,-7.61348
2023,1,20,0.637072,-8.07901
2023,1,21,-0.447034,-9.55403
2023,1,22,1.18119,-7.5624
2023,1,23,-0.398702,-7.40022
2023,1,24,0.16304,-10.9498
2023,1,25,0.303235,-9.17255
2023,1,26,2.57968,-8.51671
2023,1,27,2.09467,-7.15662
2023,1,28,0.106444,-8.69494
2023,1,29,1.58743,-7.64388
2023,1,30,2.0634,-7.00659
2023,1,31,1.38041,-7.39735
2023,2,1,3.65435,-4.58174
2023,2,2,4.51883,-4.59749
2023,2,3,2.06903,-5.92944
2023,2,4,3.43568,-5.80114
2023,2,5,2.70289,-4.69698
2023,2,6,5.13763,-7.30369
2023,2,7,2.94781,-5.60509
2023,2,8,2.57616,-5.41954
2023,2,9,5.78399,-5.19437
2023,2,10,2.87208,-6.72951
2023,2,11,-1.24557,-6.14154
2023,2,12,2.53072,-5.94128
2023,2,13,3.57083,-4.29237
2023,2,14,4.71455,-4.99075
2023,2,15,2.8097,-4.25404
2023,2,16,2.20823,-6.34132
2023,2,17,5.64498,-5.85192
2023,2,18,5.45992,-7.15024
2023,2,19,2.65588,-7.40056
2023,2,20,2.98637,-6.12214
2023,2,21,3.97109,-5.60894
2023,2,22,4.98564,-7.41575
2023,2,23,4.55828,-4.73684
2023,2,24,5.26746,-4.51668
2023,2,25,3.57728,-4.22864
2023,2,26,2.61444,-5.06381
2023,2,27,2.31562,-7.45506
2023,2,28,6.17393,-5.16074
2023,3,1,8.81513,-1.33012
2023,3,2,11.013,1.07865
2023,3,3,9.16985,1.833
2023,3,4,9.86831,1.45408
2023,3,5,12.7824,-1.59496
2023,3,6,9.42353,-1.33915
2023,3,7,10.4039,-1.64098
2023,3,8,9.31294,-1.78918
2023,3,9,10.2353,0.314951
2023,3,10,10.697,0.53975
2023,3,11,9.19075,1.16025
2023,3,12,10.6681,-1.3809
2023,3,13,11.022,1.83715
2023,3,14,9.96117,-1.15366
2023,3,15,9.66069,1.25864
2023,3,16,8.95242,0.734764
2023,3,17,13.6544,1.44127
2023,3,18,9.1355,1.49431
2023,3,19,9.03465,-0.950957
2023,3,20,9.34588,-0.247993
2023,3,21,8.56013,0.245186
2023,3,22,10.2998,-1.26975
2023,3,23,10.9236,-1.59789
2023,3,24,11.2523,-1.03885
2023,3,25,11.9805,-0.710959
2023,3,26,10.5711,0.539445
2023,3,27,7.99002,-0.394482
2023,3,28,12.0598,1.73504
2023,3,29,10.187,1.20145
2023,3,30,10.1401,-1.35887
2023,3,31,9.19515,-0.118778
2023,4,1,17.7507,7.7307
2023,4,2,17.3637,6.48531
2023,4,3,19.3954,7.89489
2023,4,4,18.6614,8.45534
2023,4,5,20.2598,7.29838
2023,4,6,19.6195,6.61409
2023,4,7,17.0334,7.62572
2023,4,8,18.067,7.50462
2023,4,9,17.0599,8.11798
2023,4,10,17.9461,7.0867
2023,4,11,18.3071,6.61
2023,4,12,19.0293,8.22456
2023,4,13,16.9838,6.69417
2023,4,14,17.3673,8.87661
2023,4,15,18.8002,7.62273
2023,4,16,18.7316,9.65154
2023,4,17,21.96,8.58156
2023,4,18,18.9588,9.91864
2023,4,19,17.9828,9.22288
2023,4,20,20.8343,8.26209
2023,4,21,19.6404,6.97037
2023,4,22,21.6073,6.30317
2023,4,23,18.9054,8.64528
2023,4,24,19.0895,9.91833
2023,4,25,18.7712,6.33674
2023,4,26,19.8307,6.58016
2023,4,27,19.0571,7.91766
2023,4,28,15.2168,7.54497
2023,4,29,19.7338,9.32481
2023,4,30,18.1553,8.58589
2023,5,1,23.3189,13.134
2023,5,2,23.626,15.4355
2023,5,3,22.9954,14.5419
2023,5,4,23.1429,12.8639
2023,5,5,24.1197,13.4929
2023,5,6,25.5038,15.9116
2023,5,7,24.9456,13.7157
2023,5,8,22.2405,15.4343
2023,5,9,23.2299,13.6971
2023,5,10,26.2796,15.8025
2023,5,11,23.0093,13.6186
2023,5,12,24.9309,14.2167
2023,5,13,23.2724,12.1546
2023,5,14,23.934,14.4677
2023,5,15,24.5483,12.8889
2023,5,16,23.7089,12.9689
2023,5,17,22.7357,13.4266
2023,5,18,23.0346,12.0804
2023,5,19,25.1412,15.2715
2023,5,20,25.7514,13.7079
2023,5,21,25.2085,15.2156
2023,5,22,26.1633,13.5465
2023,5,23,23.5973,12.8836
2023,5,24,26.9051,15.591
2023,5,25,23.33,12.3395
2023,5,26,22.9155,12.3774
2023,5,27,23.2749,15.7023
2023,5,28,24.1702,12.3161
2023,5,29,25.4004,14.8081
2023,5,30,23.2117,15.1963
2023,5,31,26.1841,14.9104
2023,6,1,30.0238,20.5179
2023,6,2,26.2828,19.5075
2023,6,3,28.555,18.2798
2023,6,4,31.2407,17.0364
2023,6,5,30.4586,18.1563
2023,6,6,30.8615,17.215
2023,6,7,28.5437,19.126
2023,6,8,31.2458,19.1367
2023,6,9,26.7356,17.0396
2023,6,10,26.3067,17.6203
2023,6,11,30.5888,19.0883
2023,6,12,29.7325,20.3327
2023,6,13,28.0229,20.0571
2023,6,14,28.814,18.574
2023,6,15,29.7184,20.393
2023,6,16,28.0467,17.8526
2023,6,17,30.587,18.0965
2023,6,18,26.6996,17.5587
2023,6,19,25.5853,17.5331
2023,6,20,30.2176,18.7189
2023,6,21,26.6126,18.326
2023,6,22,27.9479,18.6083
2023,6,23,27.8739,18.749
2023,6,24,27.6115,19.5883
2023,6,25,31.3366,19.4236
2023,6,26,28.6727,20.5947
2023,6,27,31.1329,20.117
2023,6,28,31.3672,20.3938
2023,6,29,27.5158,18.6927
2023,6,30,28.5021,18.6354
2023,7,1,30.7006,21.9417
2023,7,2,29.7736,20.1701
2023,7,3,30.5618,21.5553
2023,7,4,29.5724,20.2878
2023,7,5,29.5577,20.2553
2023,7,6,30.9206,20.2794
2023,7,7,30.8131,21.3724
2023,7,8,31.8479,22.6355
2023,7,9,31.2495,22.9088
2023,7,10,29.69,20.5622
2023,7,11,28.029,23.923
2023,7,12,29.5477,20.7395
2023,7,13,31.5222,21.0982
2023,7,14,30.8707,20.3926
2023,7,15,29.2696,23.5503
2023,7,16,28.039,21.4528
2023,7,17,29.5871,23.2217
2023,7,18,31.2585,22.0245
2023,7,19,31.0039,21.0028
2023,7,20,28.6396,22.2928
2023,7,21,31.1303,22.3101
2023,7,22,30.0343,22.7387
2023,7,23,29.8315,21.0404
2023,7,24,28.9531,21.9272
2023,7,25,30.822,23.2549
2023,7,26,31.4323,22.477
2023,7,27,29.7731,22.94
2023,7,28,29.2833,20.8209
2023,7,29,29.042,23.8625
2023,7,30,30.3347,23.6477
2023,7,31,30.1782,20.3325
2023,8,1,28.6574,22.9704
2023,8,2,28.5965,20.7219
2023,8,3,30.4799,22.9636
2023,8,4,27.2342,22.7984
2023,8,5,28.8015,20.994
2023,8,6,28.1076,19.5724
2023,8,7,31.3814,20.5659
2023,8,8,30.2297,21.6905
2023,8,9,26.8279,22.3749
2023,8,10,31.5672,22.4778
2023,8,11,28.8828,20.3491
2023,8,12,29.4964,22.7569
2023,8,13,31.4146,21.8046
2023,8,14,31.8372,21.7008
2023,8,15,29.3191,19.6648
2023,8,16,28.1453,21.5015
2023,8,17,28.1372,21.3649
2023,8,18,28.4782,19.1434
2023,8,19,29.7296,22.2738
2023,8,20,27.6446,21.6327
2023,8,21,29.3471,19.9472
2023,8,22,28.0593,22.2094
2023,8,23,28.1507,22.242
2023,8,24,28.0819,22.0841
2023,8,25,28.3818,19.4907
2023,8,26,28.3204,21.5256
2023,8,27,28.3228,20.6569
2023,8,28,28.6146,22.1125
2023,8,29,28.543,21.6347
2023,8,30,27.5293,20.6063
2023,8,31,28.291,21.9126
2023,9,1,23.2185,15.4671
2023,9,2,26.7678,16.4223
2023,9,3,26.4541,15.1038
2023,9,4,26.5795,16.2866
2023,9,5,24.9857,15.9612
2023,9,6,25.1632,14.5906
2023,9,7,23.6829,13.233
2023,9,8,23.6025,15.9878
2023,9,9,25.1275,16.4122
2023,9,10,25.6298,16.3027
2023,9,11,23.4625,14.4052
2023,9,12,23.7506,16.4619
2023,9,13,23.6821,15.0211
2023,9,14,25.3812,14.8061
2023,9,15,23.963,16.2519
2023,9,16,26.0605,13.2133
2023,9,17,24.3365,13.2416
2023,9,18,26.0703,16.1657
2023,9,19,24.1671,16.6713
2023,9,20,26.5682,14.3094
2023,9,21,24.5093,14.7024
2023,9,22,26.421,16.8522
2023,9,23,25.5801,14.5292
2023,9,24,23.2343,14.8218
2023,9,25,25.9023,15.5189
2023,9,26,25.5296,14.4635
2023,9,27,25.0243,16.6421
2023,9,28,24.7911,16.0838
2023,9,29,24.4907,16.271
2023,9,30,26.2377,16.2923
2023,10,1,18.1053,7.62902
2023,10,2,20.3061,8.86782
2023,10,3,16.7405,7.98193
2023,10,4,18.2048,8.80209
2023,10,5,17.8415,6.67336
2023,10,6,17.2497,7.45726
2023,10,7,14.7845,7.79809
2023,10,8,17.6058,8.81161
2023,10,9,17.6902,9.48027
2023,10,10,16.8935,7.21659
2023,10,11,19.8961,8.0849
2023,10,12,18.0027,8.52992
2023,10,13,17.9924,6.66103
2023,10,14,19.776,7.18149
2023,10,15,19.799,6.72207
2023,10,16,16.2732,7.49071
2023,10,17,16.301,6.2646
2023,10,18,16.754,7.73101
2023,10,19,17.8523,9.52715
2023,10,20,16.2657,6.31996
2023,10,21,17.1201,9.44249
2023,10,22,18.7368,9.35221
2023,10,23,19.4658,8.86825
2023,10,24,16.8492,8.67635
2023,10,25,19.2912,6.88522
2023,10,26,18.0527,6.97861
2023,10,27,18.3706,7.53728
2023,10,28,18.0565,7.26334
2023,10,29,17.258,6.46834
2023,10,30,17.3453,7.35044
2023,10,31,18.4045,7.87738
2023,11,1,10.4138,-0.141179
2023,11,2,9.84664,1.11625
2023,11,3,8.47173,0.0781884
2023,11,4,9.99908,-0.6133
2023,11,5,8.93668,1.77874
2023,11,6,12.4522,-1.77142
2023,11,7,8.33173,1.37162
2023,11,8,8.24708,0.0580462
2023,11,9,8.52111,-1.47111
2023,11,10,7.79253,-1.31596
2023,11,11,9.11092,0.0888699
2023,11,12,7.28704,1.67241
2023,11,13,9.22542,-0.350414
2023,11,14,10.2282,1.49474
2023,11,15,6.70638,0.79049
2023,11,16,9.41317,0.692404
2023,11,17,9.47746,1.73156
2023,11,18,11.1618,-0.103336
2023,11,19,7.77858,-0.891018
2023,11,20,9.90618,1.31773
2023,11,21,9.16042,0.68685
2023,11,22,9.38185,-1.06131
2023,11,23,10.4172,-0.464064
2023,11,24,8.30217,1.35386
2023,11,25,9.10893,0.765893
2023,11,26,7.70148,-1.49821
2023,11,27,10.4551,1.66027
2023,11,28,8.25525,0.532365
2023,11,29,7.98653,0.916166
2023,11,30,8.35088,0.471511
2023,12,1,3.06878,-6.021
2023,12,2,1.41026,-6.06439
2023,12,3,3.37142,-7.20859
2023,12,4,0.434457,-6.70779
2023,12,5,3.92271,-5.38487
2023,12,6,0.129533,-6.03137
2023,12,7,3.05028,-6.44307
2023,12,8,2.21341,-4.30464
2023,12,9,1.38286,-7.82983
2023,12,10,4.14937,-5.54509
2023,12,11,2.60441,-5.09989
2023,12,12,-0.551785,-6.50264
2023,12,13,2.37473,-4.98465
2023,12,14,0.405033,-6.60884
2023,12,15,2.35955,-4.95071
2023,12,16,0.879215,-5.12741
2023,12,17,2.10906,-6.4593
2023,12,18,1.67142,-5.45549
2023,12,19,1.11195,-5.01071
2023,12,20,3.88957,-4.63973
2023,12,21,3.09745,-6.24726
2023,12,22,0.367737,-4.10089
2023,12,23,1.06559,-4.88327
2023,12,24,2.76003,-7.90069
2023,12,25,2.2653,-6.98209
2023,12,26,0.542931,-5.51018
2023,12,27,1.10087,-5.47093
2023,12,28,2.58624,-4.95798
2023,12,29,0.255054,-5.0972
2023,12,30,0.992098,-6.81606
2023,12,31,2.36627,-5.23777
